Treatment,Rep1,Rep2,Rep3,Average,SEM
Unstimulated,0,0,0,0,0
CpG 100,100.2045455,101.5909091,83.95454545,95.25,5.661889292
CpG 500,660.2954545,641.7045455,608,636.6666667,15.30510599
CpG 1000,812.6136364,824.8863636,809.7727273,815.7575758,4.637483772
