Patient,Day,OD,Concentration
P01,Day 0,0.280466667,
P01,Day 21,0.2675,
P01,Day 42,0.253333333,
P02,Day 0,0.336766667,
P02,Day 21,0.338366667,
P02,Day 42,0.313633333,
P03,Day 0,0.288233333,
P03,Day 21,0.317033333,
P03,Day 42,0.2607,
P04,Day 0,0.262166667,
P04,Day 21,0.257933333,
P04,Day 42,0.2552,
P05,Day 0,0.310233333,
P05,Day 21,0.301533333,
P05,Day 42,0.3043,
P06,Day 0,0.352133333,
P06,Day 21,0.291433333,
P06,Day 42,0.3086,
P07,Day 0,0.3347,
P07,Day 21,0.299,
P07,Day 42,0.3009,
